New York, New York
Los Angeles, California
Chicago, Illinois
Houston, Texas
Phoenix, Arizona
Philadelphia, Pennsylvania
San Antonio, Texas
San Diego, California
Dallas, Texas
San Jose, California
Austin, Texas
Jacksonville, Florida
San Francisco, California
Columbus, Ohio
Fort Worth, Texas
Indianapolis, Indiana
Charlotte, North Carolina
Seattle, Washington
Denver, Colorado
Washington, District of Columbia
Boston, Massachusetts
El Paso, Texas
Detroit, Michigan
Nashville, Tennessee
Memphis, Tennessee
Portland, Oregon
Oklahoma City, Oklahoma
Las Vegas, Nevada
Louisville, Kentucky
Baltimore, Maryland
Milwaukee, Wisconsin
Albuquerque, New Mexico
Tucson, Arizona
Fresno, California
Sacramento, California
Mesa, Arizona
Kansas City, Missouri
Atlanta, Georgia
Long Beach, California
Omaha, Nebraska
Raleigh, North Carolina
Colorado Springs, Colorado
Miami, Florida
Virginia Beach, Virginia
Oakland, California
Minneapolis, Minnesota
Tulsa, Oklahoma
Arlington, Texas
New Orleans, Louisiana
Wichita, Kansas
Cleveland, Ohio
Tampa, Florida
Bakersfield, California
Aurora, Colorado
Anaheim, California
Honolulu, Hawaii
Santa Ana, California
Riverside, California
Corpus Christi, Texas
Lexington, Kentucky
Stockton, California
St. Louis, Missouri
Saint Paul, Minnesota
Henderson, Nevada
Pittsburgh, Pennsylvania
Cincinnati, Ohio
Anchorage, Alaska
Greensboro, North Carolina
Plano, Texas
Newark, New Jersey
Lincoln, Nebraska
Orlando, Florida
Irvine, California
Toledo, Ohio
Jersey City, New Jersey
Chula Vista, California
Durham, North Carolina
Fort Wayne, Indiana
St. Petersburg, Florida
Laredo, Texas
Buffalo, New York
Madison, Wisconsin
Lubbock, Texas
Chandler, Arizona
Scottsdale, Arizona
Reno, Nevada
Glendale, Arizona
Norfolk, Virginia
Winston-Salem, North Carolina
North Las Vegas, Nevada
Gilbert, Arizona
Chesapeake, Virginia
Irving, Texas
Hialeah, Florida
Garland, Texas
Fremont, California
Richmond, Virginia
Boise, Idaho
Baton Rouge, Louisiana
Des Moines, Iowa
Spokane, Washington
San Bernardino, California
Modesto, California
Tacoma, Washington
Fontana, California
Santa Clarita, California
Birmingham, Alabama
Oxnard, California
Fayetteville, North Carolina
Rochester, New York
Moreno Valley, California
Glendale, California
Yonkers, New York
Huntington Beach, California
Aurora, Illinois
Salt Lake City, Utah
Amarillo, Texas
Montgomery, Alabama
Grand Rapids, Michigan
Little Rock, Arkansas
Akron, Ohio
Augusta, Georgia
Huntsville, Alabama
Columbus, Georgia
Grand Prairie, Texas
Shreveport, Louisiana
Overland Park, Kansas
Tallahassee, Florida
Mobile, Alabama
Port St. Lucie, Florida
Knoxville, Tennessee
Worcester, Massachusetts
Tempe, Arizona
Cape Coral, Florida
Brownsville, Texas
McKinney, Texas
Providence, Rhode Island
Fort Lauderdale, Florida
Newport News, Virginia
Chattanooga, Tennessee
Rancho Cucamonga, California
Frisco, Texas
Sioux Falls, South Dakota
Oceanside, California
Ontario, California
Vancouver, Washington
Santa Rosa, California
Garden Grove, California
Elk Grove, California
Pembroke Pines, Florida
Salem, Oregon
Eugene, Oregon
Peoria, Arizona
Corona, California
Springfield, Missouri
Jackson, Mississippi
Cary, North Carolina
Fort Collins, Colorado
Hayward, California
Lancaster, California
Alexandria, Virginia
Salinas, California
Palmdale, California
Lakewood, Colorado
Springfield, Massachusetts
Sunnyvale, California
Hollywood, Florida
Pasadena, Texas
Clarksville, Tennessee
Pomona, California
Kansas City, Kansas
Macon, Georgia
Escondido, California
Paterson, New Jersey
Joliet, Illinois
Naperville, Illinois
Rockford, Illinois
Torrance, California
Bridgeport, Connecticut
Savannah, Georgia
Killeen, Texas
Bellevue, Washington
Mesquite, Texas
Syracuse, New York
McAllen, Texas
Pasadena, California
Orange, California
Fullerton, California
Dayton, Ohio
Miramar, Florida
Olathe, Kansas
Thornton, Colorado
Waco, Texas
Murfreesboro, Tennessee
Denton, Texas
West Valley City, Utah
Midland, Texas
Carrollton, Texas
Roseville, California
Warren, Michigan
Charleston, South Carolina
Hampton, Virginia
Surprise, Arizona
Columbia, South Carolina
Coral Springs, Florida
Visalia, California
Sterling Heights, Michigan
Gainesville, Florida
Cedar Rapids, Iowa
New Haven, Connecticut
Stamford, Connecticut
Elizabeth, New Jersey
Concord, California
Thousand Oaks, California
Kent, Washington
Santa Clara, California
Simi Valley, California
Lafayette, Louisiana
Topeka, Kansas
Athens, Georgia
Round Rock, Texas
Hartford, Connecticut
Norman, Oklahoma
Victorville, California
Fargo, North Dakota
Berkeley, California
Vallejo, California
Abilene, Texas
Columbia, Missouri
Ann Arbor, Michigan
Allentown, Pennsylvania
Pearland, Texas
Beaumont, Texas
Wilmington, North Carolina
Evansville, Indiana
Arvada, Colorado
Provo, Utah
Independence, Missouri
Lansing, Michigan
Odessa, Texas
Richardson, Texas
Fairfield, California
El Monte, California
Rochester, Minnesota
Clearwater, Florida
Carlsbad, California
Springfield, Illinois
Temecula, California
West Jordan, Utah
Costa Mesa, California
Miami Gardens, Florida
Cambridge, Massachusetts
College Station, Texas
Murrieta, California
Downey, California
Peoria, Illinois
Westminster, Colorado
Elgin, Illinois
Antioch, California
Palm Bay, Florida
High Point, North Carolina
Lowell, Massachusetts
Manchester, New Hampshire
Pueblo, Colorado
Gresham, Oregon
North Charleston, South Carolina
Ventura, California
Inglewood, California
Pompano Beach, Florida
Centennial, Colorado
West Palm Beach, Florida
Everett, Washington
Richmond, California
Clovis, California
Billings, Montana
Waterbury, Connecticut
Broken Arrow, Oklahoma
Lakeland, Florida
West Covina, California
Boulder, Colorado
Daly City, California
Santa Maria, California
Hillsboro, Oregon
Sandy Springs, Georgia
Norwalk, California
Jurupa Valley, California
Lewisville, Texas
Greeley, Colorado
Davie, Florida
Green Bay, Wisconsin
Tyler, Texas
League City, Texas
Burbank, California
San Mateo, California
Wichita Falls, Texas
El Cajon, California
Rialto, California
Lakewood, New Jersey
Edison, New Jersey
Davenport, Iowa
South Bend, Indiana
Woodbridge, New Jersey
Las Cruces, New Mexico
Vista, California
Renton, Washington
Sparks, Nevada
Clinton, Michigan
Allen, Texas
Tuscaloosa, Alabama
San Angelo, Texas
Vacaville, California